    {
    "data": [
    {
    "id": 1,
    "img": "https://upload.wikimedia.org/wikipedia/commons/thumb/b/b0/2015-03-03_Geneva_Motor_Show_3893.JPG/1024px-2015-03-03_Geneva_Motor_Show_3893.JPG",
    "manufacturer": "Rolls Royce",
    "model": "Phantom Serenity",
    "price": 874762,
    "quality": [
    {
    "name": "overall",
    "rating": 5
    },
    {
    "name": "mechanical",
    "rating": 4
    },
    {
    "name": "powertrain",
    "rating": 3
    },
    {
    "name": "body",
    "rating": 4
    },
    {
    "name": "interior",
    "rating": 5
    },
    {
    "name": "accessories",
    "rating": 5
    }
    ],
    "wiki": "https://en.wikipedia.org/wiki/Rolls-Royce_Phantom_Serenity",
    "video": "https://www.youtube.com/embed/QgAcL6Aa1Os",
    "description": "The Rolls-Royce Phantom Serenity was released by Rolls-Royce Motor Cars in 2015. The interior of this luxurious ride was inspired by Japanese design and it is crafted from hand-woven silk. The exterior is just as awe-inspiring, with a mother of pearl resemblance. With a V12 engine and 8-speed transmission, this venerable machine can really move, and it is also the cheapest on this list, coming in at just under £1 million."
    },
    {
    "id": 2,
    "img": "https://upload.wikimedia.org/wikipedia/commons/thumb/7/78/Aston_Martin_One-77_%288701486190%29_%28cropped%29.jpg/1920px-Aston_Martin_One-77_%288701486190%29_%28cropped%29.jpg",
    "manufacturer": "Aston Martin",
    "model": "One-77",
    "price": 1113657,
    "quality": [
    {
    "name": "overall",
    "rating": 5
    },
    {
    "name": "mechanical",
    "rating": 3
    },
    {
    "name": "powertrain",
    "rating": 5
    },
    {
    "name": "body",
    "rating": 5
    },
    {
    "name": "interior",
    "rating": 4
    },
    {
    "name": "accessories",
    "rating": 2
    }
    ],
    "wiki": "https://en.wikipedia.org/wiki/Aston_Martin_One-77",
    "video": "https://www.youtube.com/embed/009tfoqc5Ao",
    "description": "The Aston Martin One-77 is a V12 two-door coupe costing those who purchased it £1.1 million. Like nearly every car on this list, a limited number of the Aston Martin One-77 were produced, and the name of the model says the exact number – 77 cars."
    },
    {
    "id": 3,
    "img": "http://d20efxdfa6g8fm.cloudfront.net/wp-content/uploads/2016/08/12163018/image0153-1024x617.jpg",
    "video": "https://www.youtube.com/embed/KX3UuRSHHSA",
    "manufacturer": "Bugatti",
    "model": "Chiron",
    "price": 1989645,
    "quality": [
    {
    "name": "overall",
    "rating": 5
    },
    {
    "name": "mechanical",
    "rating": 4
    },
    {
    "name": "powertrain",
    "rating": 5
    },
    {
    "name": "body",
    "rating": 5
    },
    {
    "name": "interior",
    "rating": 4
    },
    {
    "name": "accessories",
    "rating": 3
    }
    ],
    "wiki": "https://en.wikipedia.org/wiki/Bugatti_Chiron",
    "description": "The two-seated, mid-engined Bugatti Chiron was designed and developed by the Bugatti automotive group (owned by Volkswagen) and has a W16 quad turbo-charged engine. This vehicle was just revealed March of this year and is not available for test-driving yet, but when it is, the expected cost on the window will be £1.9 million."
    },
    {
    "id": 4,
    "img": "https://upload.wikimedia.org/wikipedia/commons/thumb/9/98/Ferrari_F60_America_-_Museo_Ferrari_%2817514670344%29.jpg/1280px-Ferrari_F60_America_-_Museo_Ferrari_%2817514670344%29.jpg",
    "video": "https://www.youtube.com/embed/-R6gQyrOuKI",
    "manufacturer": "Ferrari",
    "model": "F60 America",
    "price": 1989645,
    "quality": [
    {
    "name": "overall",
    "rating": 5
    },
    {
    "name": "mechanical",
    "rating": 4
    },
    {
    "name": "powertrain",
    "rating": 5
    },
    {
    "name": "body",
    "rating": 3
    },
    {
    "name": "interior",
    "rating": 4
    },
    {
    "name": "accessories",
    "rating": 4
    }
    ],
    "wiki": "https://en.wikipedia.org/wiki/Ferrari_F12berlinetta#Ferrari_F60_America",
    "description": "The Ferrari F60 America, like other models on this list, is a limited-production vehicle. This particular car is a roadster convertible derivative of the F12, and it was manufactured to celebrate the 60-year anniversary of Ferrari in North America. With a V12 engine and top speed of around 210 mph, the £1.9 million asking price makes this one of Ferrari’s most attractive and most expensive offerings."
    },
    {
    "id": 5,
    "img": "http://d20efxdfa6g8fm.cloudfront.net/wp-content/uploads/2016/08/12163045/image0193-1024x512.jpg",
    "video": "https://www.youtube.com/embed/eBUrFd1TUIU",
    "manufacturer": "Pagani",
    "model": "Huayra BC",
    "price": 2068169,
    "quality": [
    {
    "name": "overall",
    "rating": 5
    },
    {
    "name": "mechanical",
    "rating": 4
    },
    {
    "name": "powertrain",
    "rating": 5
    },
    {
    "name": "body",
    "rating": 5
    },
    {
    "name": "interior",
    "rating": 3
    },
    {
    "name": "accessories",
    "rating": 4
    }
    ],
    "wiki": "https://en.wikipedia.org/wiki/Pagani_Huayra",
    "description": "The Pagani Huayra is an Italian mid-engined sports car with a sticker price of £2 million. This model is the fastest car ever around the Top Gear Test Track, reaching a top speed of 238 mph. In early 2015, the Pagani Huayra had already sold out. The Huayra was limited to just 100 units."
    },
    {
    "id": 6,
    "img": "http://d20efxdfa6g8fm.cloudfront.net/wp-content/uploads/2016/08/12163103/image0232.jpg",
    "video": "https://www.youtube.com/embed/fe4Qoy_UZ6Q",
    "manufacturer": "W Motors",
    "model": "Lykan Hypersport",
    "price": 2704410,
    "quality": [
    {
    "name": "overall",
    "rating": 5
    },
    {
    "name": "mechanical",
    "rating": 4
    },
    {
    "name": "powertrain",
    "rating": 5
    },
    {
    "name": "body",
    "rating": 3
    },
    {
    "name": "interior",
    "rating": 4
    },
    {
    "name": "accessories",
    "rating": 5
    }
    ],
    "wiki": "https://en.wikipedia.org/wiki/Lykan_HyperSport",
    "description": "The Lykan Hypersport is a limited-production hypercar by a manufacturer out of the UAE. It is the first car of its kind to be produced in the Middle East, and is notable for being seen in the Hollywood hit Furious 7, and multiple video games. It can reach a top speed of 240mph and is currently the third most expensive car in the world, coming in with a price tag of £2.7 million."
    },
    {
    "id": 7,
    "img": "http://d20efxdfa6g8fm.cloudfront.net/wp-content/uploads/2016/08/12163115/image0252-1024x626.jpg",
    "video": "https://www.youtube.com/embed/yNw19Zv6Ee4",
    "manufacturer": "Lamborghini",
    "model": "Veneno",
    "price": 3574275,
    "quality": [
    {
    "name": "overall",
    "rating": 5
    },
    {
    "name": "mechanical",
    "rating": 4
    },
    {
    "name": "powertrain",
    "rating": 5
    },
    {
    "name": "body",
    "rating": 3
    },
    {
    "name": "interior",
    "rating": 4
    },
    {
    "name": "accessories",
    "rating": 3
    }
    ],
    "wiki": "https://en.wikipedia.org/wiki/Lamborghini_Aventador#Veneno",
    "description": "The Lamborghini Veneno is £3.5 million, ultra-limited production car of the future. This car manufacturer has always been focused on optimum aerodynamics and cornering stability and the design of this – the third most expensive car in the world—is breathtaking. Modeled after the Lamborghini Aventador, the Veneno was built to celebrate Lamborghini’s 50th anniversary. The engine is a development of the Aventador’s 6.5 L V12 and produces 750 PS (552 kW; 740 bhp) and it can reach a max speed of 221 mph."
    },
    {
    "id": 8,
    "img": "http://d20efxdfa6g8fm.cloudfront.net/wp-content/uploads/2016/08/12163120/image0272.jpg",
    "video": "https://www.youtube.com/embed/Z7NrjnFnwg0",
    "manufacturer": "Koenigsegg",
    "model": "CCXR Trevita",
    "price": 3851060,
    "quality": [
    {
    "name": "overall",
    "rating": 5
    },
    {
    "name": "mechanical",
    "rating": 4
    },
    {
    "name": "powertrain",
    "rating": 5
    },
    {
    "name": "body",
    "rating": 5
    },
    {
    "name": "interior",
    "rating": 3
    },
    {
    "name": "accessories",
    "rating": 3
    }
    ],
    "wiki": "https://en.wikipedia.org/wiki/Koenigsegg_CCX#CCXR_Trevita",
    "description": "The CCXR Trevita is a limited edition of the Koenigsegg CCXR Edition featuring a diamond weave carbon fibre finish. Trevita is an abbreviation in Swedish and translates into 'three whites'. Up until the development of the CCXR Trevita, it has only been possible to utilize the classic black carbon fibres. The Koenigsegg Proprietary Diamond Weave, fully developed by Koenigsegg, is a new and unique method to manufacture the carbon fibre material for the CCXR Trevita. It is one of the most expensive vehicles on this list at £3.85 million."
    },
    {
    "id": 9,
    "img": "http://d20efxdfa6g8fm.cloudfront.net/wp-content/uploads/2016/08/12163125/image0292.jpg",
    "video": "https://www.youtube.com/embed/jDP-qwAzfjs",
    "manufacturer": "Mercedes-Benz",
    "model": "Maybach Exelero",
    "price": 6352684,
    "quality": [
    {
    "name": "overall",
    "rating": 5
    },
    {
    "name": "mechanical",
    "rating": 4
    },
    {
    "name": "powertrain",
    "rating": 5
    },
    {
    "name": "body",
    "rating": 4
    },
    {
    "name": "interior",
    "rating": 5
    },
    {
    "name": "accessories",
    "rating": 4
    }
    ],
    "wiki": "https://en.wikipedia.org/wiki/Maybach_Exelero",
    "description": "Maybach Exelero is a one-of-a-kind sports car, first manufactured twelve years ago. This 700-hp, two-door, four-seater has a twin turbo V12 engine and is famous for being purchased by an American rap star. The cost this car comes out to being around £6 million. Nevertheless, the cost is not the only lofty number. This vehicle can also reach a speed of 218 mph."
    }
    ]
    }